,0
0,Karriere/-förderung
1,Constance de Salm - Vermarktung
2,Tier/Haustier
3,Gelehrte Gesellschaft
4,CdS: Éloge historique de M. de Lalande (1810)
5,Literarisches Geschehen/Neuerscheinung
6,Landleben/Provinzleben
7,La Décade philosophique (1794-1807)
8,Gesellschaftliches Leben
9,Stadtleben
10,CdS: Discours sur le bonheur que procure l'étude (1817)
11,Deutschland - Politik
12,Cholera
13,Belgien - Politik
14,1814/1815
15,Theater
16,Briefpartner/Werk
17,Deutschland - Wahrnehmung
18,Italien - Politik
19,Pressefreiheit/Zensur
20,CdS: Sapho (1794)
21,CdS: Épîtres à Sophie (1801)
22,Bildende Kunst
23,CdS: Épître à un jeune auteur (1806)
24,Freundschaft
25,CdS: Épître adressée à l'Empereur Napoléon (1810)
26,Alter/Jugend
27,Philosophie
28,Buchhandel/Verleger
29,CdS: Cantate sur le mariage de Sa Majesté l'Empereur (1810)
30,Constance de Salm - Rezeption
31,"CdS: Poésies (1811, 1817², 1835³)"
32,Album
33,Weibliche Autorschaft
34,Naturwissenschaften
35,Presse
36,Wirtschaft/Finanzen
37,Emanzipation/Frau
38,Frankreich - Politik
39,CdS: Épître sur l’esprit et l’aveuglement du siècle (1828)
40,CdS: Épître aux souverains absolus (1831)
41,CdS: Épître aux peuples (Publikationsvorhaben)
42,"CdS: Pensées (1829, 1835, 1846)"
43,Reise/Mobilität
44,Technik/Fortschritt
45,Botanik/Gartenkunst
46,CdS: Des Allemands comparés aux Français (1826?)
47,Wohnen/Haushalt
48,Adel
49,Familie/Familienrecht
50,Prozess/Gericht
51,Tod/Trauer
52,"CdS: Vierbändige Werkausgabe (1835/1836), 2 Prosa- und 2 Poesiebände"
53,CdS: „Petite édition“ (um 1834)
54,Krieg/Konflikt
55,CdS: Notice sur la vie et les œuvres de Mentelle (1839)
56,CdS: Correspondance (Editionsvorhaben)
57,Frankreich - Julirevolution 1830
58,CdS: Mémoires (Publikationsvorhaben)
59,Militär
60,Verbrechen
61,Wiener Kongress
62,Europa - Politik
63,Religion/Kirche
64,Deutschunterricht
65,Ehe/Liebe
66,Auszeichnung/Wettbewerb
67,Frankreich - Restauration (1814-1830)
68,CdS: Sur Girodet (1825)
69,CdS: Épître aux femmes (1797)
70,CdS: Épître sur les inconvénients du séjour de la campagne (1808)
71,Romantik
72,CdS: 24 heures (1824)
73,"CdS: Mes soixante ans, ou Mes souvenirs politiques et littéraires (1833)"
74,CdS: Poésies choisies (?)
75,Spiel
76,Salon/Gesellschaften
77,Wissenschaft
78,CdS: Œuvres complètes (1842)
79,CdS: Je mourrai comme j’ai vécu (1837)
80,CdS: Les cinq actes de la vie
81,CdS: „Ma dernière Épître politique“ (Publikationsvorhaben um 1839)
82,CdS: Stances sur le romantique et la vieille école (1824)
83,Gesundheit/Krankheit
84,Aufklärung
85,CdS: Épître sur la rime (1812)
86,CdS: Sur la perte des illusions de la jeunesse (1807)
87,Erziehung/Pädagogik
88,Pressespiegel/Rezeption
89,Universität
90,Französische Revolution
91,Frankreich - Wahrnehmung
92,CdS: Épître à un vieil auteur (1809)
93,Musik
94,CdS: Épître sur la philosophie (1814)
95,CdS: Ouvrages divers en prose (1835)
96,CdS: À ma pendule qui s’est arrêtée (1819?)
97,Vermarktung
98,Griechenland - Politik
99,Medizin/ Impfung
100,Plagiat
101,CdS: Les droits (unidentifiziert)
102,England - Politik
103,Spanien - Politik
104,CdS: Conseils aux femmes
105,CdS: Mon retour en France (1815)
106,Judenfrage
107,CdS: Épître à un honnête homme (1820)
108,CdS: Romances (1798)
109,CdS: Bouton de rose (1785)
110,Todesstrafe
111,CdS: Sur les femmes politiques (1817)
112,CdS: Épître à un ami (?)
113,Freimaurerei
114,CdS: Le Kniaz Michel Glinski (1833)
115,CdS: Éloge de Martini (1816)
116,CdS: Éloge historique de M. J. Sedaine (1797)
117,Kindheit
118,Nachruf
119,Post
120,Orientalische Frage
121,CdS: Camille ou Amitié et imprudence (1799)
122,CdS: Édition générale bzw. oeuvres choisies (Publikationsvorhaben ab 1825)
123,Polen - Politik
124,Wohltätigkeit/Soziale Einrichtungen
125,CdS: Vers sur les dissentions des gens de lettres (1797)
126,CdS: Rapport sur les fleurs artificielles de la citoyenne Roux-Montagnac (1798)
127,CdS: Biographie morale de mon album (Publikationsvorhaben um 1825)
128,"CdS: Frühe Werke, unterschiedliche (vor 1794)"
129,Sprachen/-unterricht
130,Museum
131,Erdkunde
132,Schweiz - Politik
133,Frankreich - Außenpolitik
134,Sozialwissenschaften
135,Liberalismus
136,CdS: Le temps actuel (Publikationsvorhaben 1842)
137,Sozialismus
138,Deutschland - Revolution 1848-1849
139,Frankreich - Zweites Kaiserreich
140,CdS: Éloge de Madame Viot (1802)
141,Tanz
142,Nationalismus
143,Parapsychologie
144,Ehrenlegion
145,Industrialisierung
146,Landwirtschaft
147,Archäologie
148,Armee/Marine
149,Frankreich - Februarrevolution 1848
150,Mode
151,CdS: Rapport sur un ouvrage du Cen. Théremin (1799)
152,CdS: Épître à une mère sur l'éducation de sa fille (1797)?
153,CdS: Verschiedene Verse (nicht identifiziert)
154,CdS: Vers à mes amis au moment... (1806)
155,Russland - Politik
