,url,long,lat
0,https://www.geonames.org/2990611,2.26965,48.8846
1,https://www.geonames.org/2869894,6.44172,51.18539
2,https://www.geonames.org/3205815,6.13364,51.11554
3,https://www.geonames.org/3036784,2.78186,50.29301
4,https://www.geonames.org/2782113,13.33333,47.33333
5,https://www.geonames.org/2894637,6.5,51.1
6,https://www.geonames.org/3451190,-43.18223,-22.90642
7,https://www.geonames.org/2800866,4.34878,50.85045
8,https://www.geonames.org/3370751,-5.7,-15.95
9,https://www.geonames.org/490068,21.87851,55.08392
10,https://www.geonames.org/2994215,1.3014,48.77047
11,https://www.geonames.org/2751306,4.8345,51.71278
12,https://www.geonames.org/2981041,2.20289,48.84598
13,https://www.geonames.org/264371,23.72784,37.98376
14,https://www.geonames.org/2925177,7.85222,47.9959
15,https://www.geonames.org/3165524,7.68682,45.07049
16,https://www.geonames.org/2988394,2.2769,48.8637
17,https://www.geonames.org/2992229,2.3434,48.98826
18,https://www.geonames.org/3174659,10.32615,43.54427
19,https://www.geonames.org/2865657,6.52253,51.13364
20,https://www.geonames.org/2510769,-4,40
21,https://www.geonames.org/2972811,6.16044,49.35994
22,https://www.geonames.org/3068927,17.90257,49.93866
23,https://www.geonames.org/1269750,79,22
24,https://www.geonames.org/3017341,2.23333,48.98333
25,https://www.geonames.org/2949235,8.24878,50.0415
26,https://www.geonames.org/3025860,3.21857,49.61514
27,https://www.geonames.org/683506,26.10626,44.43225
28,https://www.geonames.org/2783549,4.13065,50.68502
29,https://www.geonames.org/2989877,3,49.58333
30,https://www.geonames.org/3009071,2.71667,48.86667
31,https://www.geonames.org/3020925,2.01113,48.52772
32,https://www.geonames.org/2991831,5.81027,49.44487
33,https://www.geonames.org/491687,32.0401,54.7818
34,https://www.geonames.org/2984701,-4.09795,47.99597
35,https://www.geonames.org/3021000,3.07922,50.37069
36,https://www.geonames.org/3023363,3.32381,49.52083
37,https://www.geonames.org/2923543,8.78472,49.65083
38,https://www.geonames.org/3553478,-82.38304,23.13302
39,https://www.geonames.org/2951648,6.57128,50.99258
40,https://www.geonames.org/3114472,-1.64323,42.81687
41,https://www.geonames.org/3026204,1.69362,46.81248
42,https://www.geonames.org/2523118,13.93457,37.62304
43,https://www.geonames.org/6621565,6.49249,51.21011
44,n/a,,
45,https://www.geonames.org/2973675,2.22929,48.87143
46,https://www.geonames.org/2972315,1.44367,43.60426
47,https://www.geonames.org/6545275,2.26366,48.84694
48,https://www.geonames.org/2979783,2.0904,48.89643
49,https://www.geonames.org/3005866,-0.77019,48.07247
50,https://www.geonames.org/3177426,10.27788,42.77663
51,https://www.geonames.org/2985105,2.23669,49.21679
52,https://www.geonames.org/2968139,2.30002,48.65953
53,https://www.geonames.org/4335045,-90.07507,29.95465
54,https://www.geonames.org/3038375,3.5,49.5
55,https://www.geonames.org/2809346,8.24932,50.08258
56,https://www.geonames.org/2950994,6.86521,51.16338
57,https://www.geonames.org/258466,26.27655,39.20353
58,https://www.geonames.org/2661604,7.57327,47.55839
59,https://www.geonames.org/3029162,1.85635,50.95194
60,https://www.geonames.org/8449429,0.18969,47.1799
61,https://www.geonames.org/2867714,11.57549,48.13743
62,https://www.geonames.org/3181928,11.33875,44.49381
63,https://www.geonames.org/3035828,5.38726,47.19255
64,https://www.geonames.org/12097532,-0.67258,48.2774
65,https://www.geonames.org/2825297,9.17702,48.78232
66,https://www.geonames.org/2842566,13.25,51
67,https://www.geonames.org/2869073,7.6,50.3638
68,https://www.geonames.org/2660646,6.14569,46.20222
69,https://www.geonames.org/1814991,105,35
70,https://www.geonames.org/2948079,11.71096,53.76947
71,https://www.geonames.org/3037854,2.3,49.9
72,https://www.geonames.org/3489941,-77.37122,18.17717
73,https://www.geonames.org/2658581,8.05753,46.19451
74,https://www.geonames.org/2755420,4.70833,52.01667
75,https://www.geonames.org/3024635,3.08682,45.77969
76,https://www.geonames.org/2970358,3.29405,49.3587
77,https://www.geonames.org/3031137,2.24128,48.83545
78,https://www.geonames.org/112931,51.42151,35.69439
79,https://www.geonames.org/2988507,2.3488,48.85341
80,https://www.geonames.org/2786318,5.86674,50.48375
81,https://www.geonames.org/3035641,2.24553,48.56289
82,https://www.geonames.org/2980916,2.35387,48.93564
83,https://www.geonames.org/2990999,6.18496,48.68439
84,https://www.geonames.org/2921837,6.11763,50.96745
85,https://www.geonames.org/2755251,6.56667,53.21917
86,https://www.geonames.org/2984114,4.02853,49.26526
87,https://www.geonames.org/2825922,13.09548,53.33235
88,https://www.geonames.org/2969544,1.70351,49.06199
89,https://www.geonames.org/3024066,2.82606,49.41794
90,https://www.geonames.org/2520600,-6.2891,36.52672
91,https://www.geonames.org/3093692,16.1619,51.21006
92,https://www.geonames.org/756135,21.01178,52.22977
93,https://www.geonames.org/2820919,10.38598,48.69059
94,https://www.geonames.org/2877878,6.5418,51.16651
95,https://www.geonames.org/4736286,-99.25061,31.25044
96,https://www.geonames.org/2803138,4.40026,51.22047
97,https://www.geonames.org/2969288,3.39643,48.89667
98,https://www.geonames.org/2977356,4.94385,45.69651
99,https://www.geonames.org/2978621,2.41579,48.83864
100,https://www.geonames.org/2794055,3.26487,50.82803
101,https://www.geonames.org/3169070,12.51133,41.89193
102,https://www.geonames.org/2509954,-0.37739,39.46975
103,https://www.geonames.org/3026083,2.29346,48.8024
104,https://www.geonames.org/2790111,4.54767,50.07523
105,https://www.geonames.org/3038354,5.44973,43.5283
106,https://www.geonames.org/2934246,6.77616,51.22172
107,https://www.geonames.org/2832708,7.22608,50.68066
108,https://www.geonames.org/2987375,2.8,49.63333
109,https://www.geonames.org/2485926,-0.63588,35.69906
110,https://www.geonames.org/3173331,10.92539,44.64783
111,https://www.geonames.org/2975758,-0.07808,47.25931
112,https://www.geonames.org/3008607,-1.00955,46.12888
113,https://www.geonames.org/2986140,2.1,49.05
114,https://www.geonames.org/2972290,1.5,47.2
115,https://www.geonames.org/1275004,88.36304,22.56263
116,https://www.geonames.org/3171728,11.88586,45.40797
117,https://www.geonames.org/3014075,2.66022,50.39005
118,https://www.geonames.org/3034006,2.08333,49.43333
119,https://www.geonames.org/2758401,4.77596,51.58656
120,https://www.geonames.org/2975088,2.58661,49.20724
121,https://www.geonames.org/2971549,4.08524,48.30073
122,https://www.geonames.org/2463678,19.85231,39.59828
123,https://www.geonames.org/3009485,3.12885,49.17453
124,https://www.geonames.org/2995605,2.41162,48.81641
125,https://www.geonames.org/3077650,13.20271,49.65408
126,https://www.geonames.org/2944388,8.80717,53.07582
127,https://www.geonames.org/3066313,13.71333,50.48374
128,https://www.geonames.org/2911298,9.99302,53.55073
129,https://www.geonames.org/2241717,12.42563,-6.07746
130,https://www.geonames.org/3007477,3.62714,49.5631
131,https://www.geonames.org/3723988,-72.29616,19.07582
132,https://www.geonames.org/2992090,2.44322,48.86415
133,https://www.geonames.org/3078198,14.5,50
134,https://www.geonames.org/2866694,6.47747,51.25372
135,https://www.geonames.org/3038699,1.97924,49.55672
136,https://www.geonames.org/2935825,6.83167,51.09683
137,https://www.geonames.org/2874545,11.62916,52.12773
138,https://www.geonames.org/2979054,6.2024,49.13288
139,https://www.geonames.org/2993024,2.73261,47.99696
140,https://www.geonames.org/2789786,2.927,51.21551
141,https://www.geonames.org/2923544,10.98856,49.47593
142,https://www.geonames.org/3106672,-4.72372,41.65518
143,https://www.geonames.org/303584,29.23071,37.22283
144,https://www.geonames.org/2874225,8.2791,49.98419
145,https://www.geonames.org/3029938,2.49702,48.1866
146,https://www.geonames.org/2812482,11.32903,50.9803
147,https://www.geonames.org/3076136,12.35174,50.12033
148,https://www.geonames.org/3030293,-2.83333,48.16667
149,https://www.geonames.org/2915589,12.18345,51.21668
150,https://www.geonames.org/3030114,1.77937,47.99847
151,https://www.geonames.org/2917540,6.5827,51.09102
152,https://www.geonames.org/2810678,6.62037,51.6669
153,https://www.geonames.org/3017906,2.77542,48.10365
154,https://www.geonames.org/3030101,2.6109,48.69247
155,https://www.geonames.org/6251999,-113.64258,60.10867
156,https://www.geonames.org/3167022,8.47715,44.30905
157,https://www.geonames.org/3035681,4.80892,43.94834
158,https://www.geonames.org/3064288,13.82451,50.6404
159,https://www.geonames.org/10376243,15.214,38.79119
160,https://www.geonames.org/2809866,6.62236,51.10583
161,https://www.geonames.org/2523227,9,40
162,https://www.geonames.org/2838587,6.53481,51.13865
163,https://www.geonames.org/2955272,9.15214,49.97704
164,https://www.geonames.org/2975469,2.29026,48.77644
165,https://www.geonames.org/2988797,-2.03048,47.28654
166,https://www.geonames.org/2971053,4.90956,44.9256
167,https://www.geonames.org/2918752,10.70193,50.94823
168,https://www.geonames.org/3173435,9.18951,45.46427
169,https://www.geonames.org/2963597,-8,53
170,https://www.geonames.org/3033123,6.01815,47.24878
171,https://www.geonames.org/3034610,2.3219,48.8835
172,https://www.geonames.org/2979475,3.85597,43.96562
173,https://www.geonames.org/2847585,6.45022,51.16363
174,https://www.geonames.org/2994144,2.235,48.81381
175,https://www.geonames.org/2935393,7.21064,50.66546
176,https://www.geonames.org/745044,28.94966,41.01384
177,https://www.geonames.org/2871039,8.91455,52.28953
178,https://www.geonames.org/3016913,4.74286,46.28087
179,https://www.geonames.org/2990109,0,49
180,https://www.geonames.org/3186952,15.22514,44.11578
181,https://www.geonames.org/2992890,4.06525,45.60752
182,https://www.geonames.org/6255146,21.09375,7.1881
183,https://www.geonames.org/3176959,11.24626,43.77925
184,https://www.geonames.org/2802361,4.5,50.75
185,https://www.geonames.org/2751283,5.68889,50.84833
186,https://www.geonames.org/2995806,2.3,49
187,https://www.geonames.org/2886946,7.57883,50.35357
188,https://www.geonames.org/2880561,6.64879,51.11742
189,https://www.geonames.org/2852422,11.08762,48.58383
190,https://www.geonames.org/3026827,2.47124,49.19461
191,https://www.geonames.org/2996944,4.84671,45.74846
192,https://www.geonames.org/2995469,5.38107,43.29695
193,https://www.geonames.org/2997551,6.13333,48.76667
194,https://www.geonames.org/2863840,7.47057,50.4336
195,https://www.geonames.org/2991214,7.32866,47.75205
196,https://www.geonames.org/2979341,1.97705,47.91303
197,https://www.geonames.org/2882150,6.56931,51.08223
198,https://www.geonames.org/3028641,2.34863,43.21649
199,https://www.geonames.org/2792482,4.70093,50.87959
200,https://www.geonames.org/2884509,6.55381,51.33645
201,https://www.geonames.org/3038350,5.90863,45.69173
202,https://www.geonames.org/2807594,7.39865,51.1161
203,https://www.geonames.org/3029241,-0.35912,49.18585
204,https://www.geonames.org/2809733,6.40832,51.13135
205,https://www.geonames.org/2969284,4.87484,45.52569
206,https://www.geonames.org/2976478,3.04797,49.58828
207,https://www.geonames.org/6285414,15.73977,50.73609
208,https://www.geonames.org/2972191,0.70398,47.39484
209,https://www.geonames.org/3081368,17.03333,51.1
210,https://www.geonames.org/2747891,4.47917,51.9225
211,https://www.geonames.org/6269131,-0.70312,52.16045
212,https://www.geonames.org/2865689,6.59157,51.07066
213,https://www.geonames.org/3035418,0.14876,43.06497
214,https://www.geonames.org/2861650,11.07752,49.45421
215,https://www.geonames.org/2970140,-1.30407,46.64169
216,https://www.geonames.org/3066138,18,51
217,https://www.geonames.org/3026194,3.40304,49.04636
218,https://www.geonames.org/3170647,10.4036,43.70853
219,https://www.geonames.org/2891258,6.24603,51.58243
220,https://www.geonames.org/3196359,14.50513,46.05108
221,https://www.geonames.org/3003796,0.10767,49.4938
222,https://www.geonames.org/2967603,4.7012,49.39791
223,https://www.geonames.org/1275339,72.88261,19.07283
224,https://www.geonames.org/2982351,6.60454,48.38447
225,https://www.geonames.org/2976703,0.73333,49.86667
226,https://www.geonames.org/6255150,-57.65625,-14.60485
227,https://www.geonames.org/3038032,7.42185,48.30125
228,https://www.geonames.org/3009052,-1.15387,46.18915
229,https://www.geonames.org/2562772,14.44908,35.88182
230,https://www.geonames.org/2643743,-0.12574,51.50853
231,https://www.geonames.org/2755634,5.83333,52
232,https://www.geonames.org/5140405,-76.14742,43.04812
233,https://www.geonames.org/2843395,7.92442,49.9789
234,https://www.geonames.org/255620,22.33333,37.5
235,https://www.geonames.org/3037598,0.15345,45.64997
236,https://www.geonames.org/2940537,6.60707,51.19731
237,https://www.geonames.org/2661886,15,62
238,https://www.geonames.org/8260666,2.62136,48.66693
239,https://www.geonames.org/2852458,13.06566,52.39886
240,https://www.geonames.org/2938913,8.65027,49.87167
241,https://www.geonames.org/2983276,-0.96774,45.94304
242,https://www.geonames.org/2798573,6.03647,50.6279
243,https://www.geonames.org/2872504,6.68807,51.25268
244,https://www.geonames.org/2803095,5.5,50.16667
245,https://www.geonames.org/3175395,12.83333,42.83333
246,https://www.geonames.org/3010201,3.01667,47.18333
247,https://www.geonames.org/3023937,4.76765,45.463
248,https://www.geonames.org/3165361,11,43.41667
249,https://www.geonames.org/2620473,12.6136,56.03606
250,https://www.geonames.org/2971041,3.52506,50.35909
251,https://www.geonames.org/2997110,6.49383,48.59273
252,https://www.geonames.org/2968819,2.19311,48.82358
253,https://www.geonames.org/2980291,4.39,45.43389
254,https://www.geonames.org/3112616,1,42.66667
255,https://www.geonames.org/3492908,-69.89232,18.47186
256,https://www.geonames.org/2873891,8.46694,49.4891
257,https://www.geonames.org/2992017,2.31393,48.8162
258,https://www.geonames.org/3025132,0.24284,47.16701
259,https://www.geonames.org/2785389,5.46484,50.78054
260,https://www.geonames.org/2623032,10,56
261,https://www.geonames.org/2784604,4.42938,50.92814
262,https://www.geonames.org/3571824,-77.34306,25.05823
263,https://www.geonames.org/1264527,80.27847,13.08784
264,https://www.geonames.org/3077543,15.99143,49.95553
265,https://www.geonames.org/1227604,80.71648,7.60632
266,https://www.geonames.org/2906546,6.58828,51.12437
267,https://www.geonames.org/2990355,-0.45877,46.32313
268,https://www.geonames.org/3128760,2.15899,41.38879
269,https://www.geonames.org/2955001,7.86716,49.98986
270,https://www.geonames.org/3038261,2.148,43.9298
271,https://www.geonames.org/2974678,2.21757,48.82292
272,https://www.geonames.org/3012937,6.12857,43.12038
273,https://www.geonames.org/2872567,12.5,53.83333
274,https://www.geonames.org/3025034,4.86667,47.05
275,https://www.geonames.org/2999022,3.33726,49.43036
276,https://www.geonames.org/3014728,5.71479,45.17869
277,https://www.geonames.org/2929670,11.03283,50.9787
278,https://www.geonames.org/2969679,2.13424,48.80359
279,https://www.geonames.org/3034475,-1.473,43.49316
280,https://www.geonames.org/2800313,5.44167,50.59163
281,https://www.geonames.org/2958516,7.01667,50.73333
282,https://www.geonames.org/3013365,2.0382,50.37349
283,https://www.geonames.org/3091462,19.92602,53.91711
284,https://www.geonames.org/2875343,11.49714,53.32917
285,https://www.geonames.org/2990474,3.159,46.98956
286,https://www.geonames.org/3009443,-0.07553,47.69815
287,https://www.geonames.org/2748002,5.98944,51.1703
288,https://www.geonames.org/3067696,14.42076,50.08804
289,https://www.geonames.org/2982405,1.56634,48.25823
290,https://www.geonames.org/3013173,0.23294,49.41985
291,https://www.geonames.org/2766824,13.04399,47.79941
292,https://www.geonames.org/2986715,6.45758,47.96337
293,https://www.geonames.org/2974389,3.32361,49.38167
294,https://www.geonames.org/3012319,3.40096,47.98288
295,https://www.geonames.org/2988358,-0.35583,43.31117
296,https://www.geonames.org/2980558,2.31965,48.64682
297,https://www.geonames.org/2998965,2.06471,48.56601
298,https://www.geonames.org/2983154,2.57338,44.35258
299,https://www.geonames.org/2912868,6.81441,51.06646
300,https://www.geonames.org/2907201,6.0998,51.06358
301,https://www.geonames.org/2832521,7.20769,50.80019
302,https://www.geonames.org/6545628,-2.04789,34.68511
303,https://www.geonames.org/2931276,7.14816,51.25083
304,https://www.geonames.org/2984513,1.82992,48.64374
305,https://www.geonames.org/2785341,3.38932,50.60715
306,https://www.geonames.org/360630,31.24967,30.06263
307,https://www.geonames.org/3017850,0.04897,47.18252
308,https://www.geonames.org/2755003,4.63683,52.38084
309,https://www.geonames.org/2784387,5.31983,50.79484
310,https://www.geonames.org/2918632,9.93228,51.53443
311,https://www.geonames.org/3035876,3.16667,45.66667
312,https://www.geonames.org/2847603,7.85843,49.9937
313,https://www.geonames.org/3088171,16.92993,52.40692
314,https://www.geonames.org/4659054,-86.92639,35.89256
315,https://www.geonames.org/3035768,3.90832,47.49002
316,https://www.geonames.org/2792348,5.9412,50.61222
317,https://www.geonames.org/2660565,8.13877,46.19641
318,https://www.geonames.org/2997638,5.76192,49.5217
319,https://www.geonames.org/2977317,2.26667,49.01667
320,https://www.geonames.org/2960313,6.16667,49.75
321,https://www.geonames.org/6696141,-3.78216,55.66413
322,https://www.geonames.org/2501152,6.61472,36.365
323,https://www.geonames.org/2864118,6.68504,51.19807
324,https://www.geonames.org/3115609,-1.66667,42.75
325,https://www.geonames.org/2850697,11.61736,48.10938
326,https://www.geonames.org/3094802,19.93658,50.06143
327,https://www.geonames.org/3025055,2.41874,48.76846
328,https://www.geonames.org/4033649,-149.42951,-17.6486
329,https://www.geonames.org/2979648,3.3775,49.59572
330,https://www.geonames.org/3181986,6.864,45.833
331,https://www.geonames.org/2970081,2.80317,49.41705
332,https://www.geonames.org/3020686,2.37681,51.0344
333,https://www.geonames.org/2943320,6.90499,50.82928
334,https://www.geonames.org/2792413,5.56749,50.63373
335,https://www.geonames.org/2844588,12.14049,54.0887
336,https://www.geonames.org/2998150,0.22925,49.1466
337,https://www.geonames.org/2989317,1.90389,47.90289
338,https://www.geonames.org/2833139,8.28953,50.51681
339,https://www.geonames.org/3646738,-66.87919,10.48801
340,https://www.geonames.org/3038634,0.62055,44.20199
341,https://www.geonames.org/3038789,1.83547,50.10521
342,https://www.geonames.org/798544,20,52
343,https://www.geonames.org/7267904,-64.92755,18.34537
344,https://www.geonames.org/2761369,16.37208,48.20849
345,https://www.geonames.org/3165709,12.23371,41.74032
346,https://www.geonames.org/2998286,1.24759,45.83362
347,https://www.geonames.org/2892794,8.40444,49.00937
348,https://www.geonames.org/3036938,4.63031,43.67681
349,https://www.geonames.org/2759794,4.88969,52.37403
350,https://www.geonames.org/12047863,4.80679,45.7786
351,https://www.geonames.org/3491552,-69.15,18.73333
352,https://www.geonames.org/7603110,1.517,47.616
353,https://www.geonames.org/2990919,3.00141,43.18396
354,https://www.geonames.org/3002650,2.27078,48.78889
355,https://www.geonames.org/3037846,2.77186,47.97281
356,https://www.geonames.org/2928810,7.01228,51.45657
357,https://www.geonames.org/3031032,1.75574,45.95369
358,https://www.geonames.org/2887835,6.13865,51.78826
359,https://www.geonames.org/2935530,6.96514,51.66166
360,https://www.geonames.org/2784821,5.86241,50.58907
361,https://www.geonames.org/2861876,6.76339,51.21895
362,https://www.geonames.org/2992387,2.74423,48.33575
363,https://www.geonames.org/3021372,5.01667,47.31667
364,https://www.geonames.org/2264397,-8.13057,39.6945
365,https://www.geonames.org/2898227,6.88283,51.26103
366,https://www.geonames.org/3579143,-61.58333,16.25
367,https://www.geonames.org/3037157,2.33256,48.79993
368,https://www.geonames.org/2994161,0.64939,47.45251
369,https://www.geonames.org/2929813,6.59712,51.16191
370,https://www.geonames.org/3032213,1.32912,47.59432
371,https://www.geonames.org/2820447,6.63918,51.35478
372,https://www.geonames.org/2925533,8.68417,50.11552
373,https://www.geonames.org/2523920,13.33561,38.13205
374,https://www.geonames.org/2790471,4.86746,50.4669
375,https://www.geonames.org/2996119,2.10209,48.57379
376,https://www.geonames.org/298795,35,39
377,https://www.geonames.org/2745641,6.16806,51.37
378,https://www.geonames.org/3247449,6.08342,50.77664
379,https://www.geonames.org/6691637,6.15307,46.19026
380,https://www.geonames.org/2994160,6.17269,49.11911
381,https://www.geonames.org/2403846,-11.5,8.5
382,https://www.geonames.org/2507480,3.08746,36.73225
383,https://www.geonames.org/2994798,2.87885,48.96014
384,https://www.geonames.org/2797523,5.13422,50.74792
385,https://www.geonames.org/2886242,6.95,50.93333
386,https://www.geonames.org/3032267,0.99186,47.32738
387,https://www.geonames.org/3014026,7.0353,49.05942
388,https://www.geonames.org/2923822,9.67518,50.55162
389,https://www.geonames.org/2894553,6.36267,50.92149
390,https://www.geonames.org/498817,30.31413,59.93863
391,https://www.geonames.org/2982652,1.09932,49.44313
392,https://www.geonames.org/3020601,2.28249,48.99712
393,https://www.geonames.org/2986060,-2.10331,47.11581
394,https://www.geonames.org/3031009,5.2258,46.20574
395,https://www.geonames.org/2977845,2.26091,50.74834
396,https://www.geonames.org/3176219,8.94439,44.40478
397,https://www.geonames.org/3024578,-1.28297,47.0871
398,https://www.geonames.org/2638360,-4,56
399,https://www.geonames.org/1816670,116.39723,39.9075
400,https://www.geonames.org/3027487,4.36724,48.95393
401,https://www.geonames.org/2826595,6.22595,50.77368
402,https://www.geonames.org/3012655,1.99362,46.94848
403,https://www.geonames.org/629634,23.68775,52.09755
404,https://www.geonames.org/3021587,1.93928,48.54238
405,https://www.geonames.org/2842942,6.27195,51.01419
406,https://www.geonames.org/3037656,-0.55202,47.47156
407,https://www.geonames.org/3469034,-55,-10
408,https://www.geonames.org/2657941,6.64115,46.77852
409,https://www.geonames.org/3164603,12.33265,45.43713
410,https://www.geonames.org/3996063,-102,23
411,https://www.geonames.org/7729890,-105.64453,54.77535
412,https://www.geonames.org/2782058,13.13467,47.11547
413,https://www.geonames.org/2751773,4.49306,52.15833
414,https://www.geonames.org/3570312,-61.00416,14.66281
415,https://www.geonames.org/2994112,6.14148,48.77972
416,https://www.geonames.org/2747373,4.29861,52.07667
417,https://www.geonames.org/3009638,2.53724,48.00259
418,https://www.geonames.org/2992292,2.60254,46.34015
419,https://www.geonames.org/2990363,4.35788,43.83665
420,https://www.geonames.org/3026467,1.48925,48.44685
421,https://www.geonames.org/3028351,1.95339,43.31814
422,https://www.geonames.org/3012313,2.47458,48.82538
423,https://www.geonames.org/2953504,8.23975,48.7606
424,https://www.geonames.org/2992166,3.87635,43.61093
425,https://www.geonames.org/3036418,4.39033,44.61975
426,https://www.geonames.org/3176589,12.67942,41.8091
427,https://www.geonames.org/3165624,12.8016,41.95952
428,https://www.geonames.org/2661552,7.44744,46.94809
429,https://www.geonames.org/2852692,7.08956,50.72202
430,https://www.geonames.org/3012804,0.75,47.25
431,https://www.geonames.org/2983489,3.11264,45.89362
432,https://www.geonames.org/2658761,8.63493,47.69732
433,https://www.geonames.org/2970777,-2.76205,47.65688
434,https://www.geonames.org/3031276,1.51055,48.5631
435,https://www.geonames.org/2745912,5.12222,52.09083
436,https://www.geonames.org/3686110,-73.25,4
437,https://www.geonames.org/3023763,2.48757,48.60603
438,https://www.geonames.org/2847618,7.5,49.66667
439,https://www.geonames.org/3570675,-61.07418,14.60365
440,https://www.geonames.org/2972328,5.92836,43.12442
441,https://www.geonames.org/3018074,2.70177,48.40908
442,https://www.geonames.org/2847675,7.04891,50.78985
443,https://www.geonames.org/597427,24,55.41667
444,https://www.geonames.org/3006787,-1.15222,46.16308
445,https://www.geonames.org/2995150,3.97267,50.27875
446,https://www.geonames.org/2939951,10.96384,50.25937
447,https://www.geonames.org/2940187,13.28333,52.51667
448,https://www.geonames.org/2849483,12.10161,49.01513
449,https://www.geonames.org/2953178,9.66667,47.85
450,https://www.geonames.org/2990440,7.26608,43.70313
451,https://www.geonames.org/2937790,6.97495,50.93463
452,https://www.geonames.org/3034126,4.83887,47.02413
453,https://www.geonames.org/2998324,3.05858,50.63297
454,https://www.geonames.org/2980109,-1.01515,47.36069
455,https://www.geonames.org/2786545,5.18647,50.81679
456,https://www.geonames.org/2783985,4.3991,50.71469
457,https://www.geonames.org/357994,30,27
458,https://www.geonames.org/3165185,13.77678,45.64953
459,https://www.geonames.org/3094625,17.43738,51.69868
460,https://www.geonames.org/2996882,4.82823,46.31407
461,https://www.geonames.org/593116,25.2798,54.68916
462,https://www.geonames.org/3031582,-0.5805,44.84044
463,https://www.geonames.org/2981206,4.51294,45.4759
464,https://www.geonames.org/3009526,3.36631,49.66286
465,https://www.geonames.org/2990969,-1.55336,47.21725
466,https://www.geonames.org/3023240,3.08498,48.81451
467,https://www.geonames.org/3025466,-1.61636,49.63984
468,https://www.geonames.org/2977295,3.28757,49.84889
469,https://www.geonames.org/2800129,5.00322,50.38287
470,https://www.geonames.org/1259425,79.82979,11.93381
471,https://www.geonames.org/3029030,3.23472,50.17596
472,https://www.geonames.org/3021686,5.25,45
473,https://www.geonames.org/3023922,2.78861,47.95285
474,https://www.geonames.org/3441575,-56.18816,-34.90328
475,https://www.geonames.org/3020020,2.31514,48.9535
476,https://www.geonames.org/3037561,-0.5,47.33333
477,https://www.geonames.org/2987914,2.89541,42.69764
478,https://www.geonames.org/2946447,7.09549,50.73438
479,https://www.geonames.org/3172394,14.26811,40.85216
480,https://www.geonames.org/3021058,3.12548,47.37066
481,https://www.geonames.org/2790869,3.95229,50.45413
482,https://www.geonames.org/3021411,1.07772,49.9216
483,https://www.geonames.org/3205876,6.66132,51.12551
484,https://www.geonames.org/2842632,6.75154,49.31366
485,https://www.geonames.org/2763587,11.5,47
486,https://www.geonames.org/2920005,6.57557,51.16584
487,https://www.geonames.org/3037713,2.3024,49.00935
488,https://www.geonames.org/2936267,8.49707,47.95514
489,https://www.geonames.org/6295638,13.0385,52.40416
490,https://www.geonames.org/2998460,3.8,49.61667
491,https://www.geonames.org/2795113,5.23284,50.51894
492,https://www.geonames.org/6458929,-0.3029,47.85136
493,https://www.geonames.org/3703430,-80,9
494,https://www.geonames.org/2954172,10.89851,48.37154
495,https://www.geonames.org/3117735,-3.70256,40.4165
496,https://www.geonames.org/2986302,6.35542,46.90347
497,https://www.geonames.org/3014292,2.8,48.63333
498,https://www.geonames.org/2953481,9,48.5
499,https://www.geonames.org/2994932,-0.66667,48.13494
500,https://www.geonames.org/2983752,4.83333,43.33333
501,https://www.geonames.org/2879139,12.37129,51.33962
502,https://www.geonames.org/2983990,-1.67429,48.11198
503,https://www.geonames.org/2936796,10.36667,48.7
504,https://www.geonames.org/4560349,-75.16379,39.95233
505,https://www.geonames.org/3073803,12.87117,50.23271
506,https://www.geonames.org/2958580,6.28333,50.9
507,https://www.geonames.org/3003603,0.20251,48.0021
508,https://www.geonames.org/2987928,2.9363,49.93218
509,https://www.geonames.org/3038230,0.09311,48.43476
510,https://www.geonames.org/3029090,8.75713,42.56604
511,https://www.geonames.org/2673730,18.06871,59.32938
512,https://www.geonames.org/2921082,9.71561,49.57979
513,https://www.geonames.org/3023812,1.42849,47.41754
514,https://www.geonames.org/390903,22,39
515,https://www.geonames.org/3034382,4.64417,43.80806
516,https://www.geonames.org/2990265,2.48255,48.83669
517,https://www.geonames.org/2934486,6.49299,50.80434
518,https://www.geonames.org/2542007,-10,28.5
519,https://www.geonames.org/3021670,-1.05366,43.71032
520,https://www.geonames.org/2950159,13.41053,52.52437
521,https://www.geonames.org/281184,35.21633,31.76904
522,https://www.geonames.org/2986110,2.60467,49.30168
523,https://www.geonames.org/2797656,3.71667,51.05
524,https://www.geonames.org/2746301,5.0913,51.55551
525,https://www.geonames.org/2968054,2.43769,48.8486
526,https://www.geonames.org/2948825,7.8992,49.96675
527,https://www.geonames.org/2659496,6.931,46.99179
528,https://www.geonames.org/2989460,4.81025,44.13806
529,https://www.geonames.org/2892518,9.5,51.31667
530,https://www.geonames.org/2867543,7.62571,51.96236
531,https://www.geonames.org/3183356,12.659,41.72748
532,https://www.geonames.org/2917329,8.44109,51.39489
533,https://www.geonames.org/2658145,6.84345,46.46299
534,https://www.geonames.org/3022600,5.24911,45.72557
535,https://www.geonames.org/3018465,3.04521,50.0354
536,https://www.geonames.org/3381670,-53,4
537,https://www.geonames.org/2821164,6.63935,49.75565
538,https://www.geonames.org/2658434,8.01427,47.00016
539,https://www.geonames.org/2911007,8.91418,50.13423
540,https://www.geonames.org/3026637,2.41217,48.82209
541,https://www.geonames.org/2990970,2.20675,48.89198
542,https://www.geonames.org/3569907,-61.17541,14.74309
543,https://www.geonames.org/3030967,4.16667,47.25
544,https://www.geonames.org/2983165,4.5222,49.9261
545,https://www.geonames.org/3728016,-72.45,19.56667
546,https://www.geonames.org/2985246,6,44
547,https://www.geonames.org/2969844,4.31667,45.6
548,https://www.geonames.org/2929622,6.31531,51.07947
549,https://www.geonames.org/2982330,2.78959,49.70038
550,https://www.geonames.org/3022610,2.48477,49.25672
551,https://www.geonames.org/12148853,1.4171,50.04935
552,https://www.geonames.org/2017370,100,60
553,https://www.geonames.org/2659994,6.63282,46.516
554,https://www.geonames.org/3099434,18.64912,54.35227
555,https://www.geonames.org/2748000,5.9875,51.19417
556,https://www.geonames.org/2987270,2.9779,49.34878
557,https://www.geonames.org/3024673,6.18681,48.89356
558,https://www.geonames.org/3029748,2.49223,48.6942
559,https://www.geonames.org/2975349,4.94028,49.70187
560,https://www.geonames.org/3205791,7.87548,51.54591
561,https://www.geonames.org/2267057,-9.13333,38.71667
562,https://www.geonames.org/2980104,3.09297,45.03374
563,https://www.geonames.org/2785470,4.9378,50.80745
564,https://www.geonames.org/3096880,18.09102,51.76109
565,https://www.geonames.org/3002172,1.41168,49.24557
566,https://www.geonames.org/2658564,7.53714,47.20791
567,https://www.geonames.org/3031030,4.5683,45.29899
568,https://www.geonames.org/5128581,-74.00597,40.71427
569,https://www.geonames.org/2791537,4.47762,51.02574
570,https://www.geonames.org/2988998,4.80755,45.71404
571,https://www.geonames.org/3014078,7.79051,48.81557
572,https://www.geonames.org/2986495,0.34348,46.58261
573,https://www.geonames.org/2977921,-2.2179,47.27506
574,https://www.geonames.org/2968529,2.44925,48.73219
575,https://www.geonames.org/2953402,9.77361,49.4925
576,https://www.geonames.org/2994651,2.65356,48.5457
577,https://www.geonames.org/2953507,7.71369,50.33544
578,https://www.geonames.org/3030424,4.76712,49.3228
579,https://www.geonames.org/3030990,2.31781,48.77888
580,https://www.geonames.org/3024297,7.35584,48.08078
581,https://www.geonames.org/2589581,3,28
582,https://www.geonames.org/3034911,5.16108,48.77275
583,https://www.geonames.org/2997395,-0.04611,43.09461
584,https://www.geonames.org/130758,53,32
585,https://www.geonames.org/2935022,13.73832,51.05089
586,https://www.geonames.org/3023647,0.37654,49.24803
587,https://www.geonames.org/12122725,2.22787,48.82195
588,https://www.geonames.org/2814533,6.54819,51.13671
589,https://www.geonames.org/2973783,7.74553,48.58392
590,https://www.geonames.org/2660718,7.15128,46.80237
591,https://www.geonames.org/2874747,12.14164,51.25671
592,https://www.geonames.org/3031005,2.4,47.08333
593,https://www.geonames.org/2843198,7,51.41667
594,https://www.geonames.org/2898098,7.34471,51.14979
595,https://www.geonames.org/2910831,9.73322,52.37052
596,https://www.geonames.org/2918271,11.30678,50.52463
597,https://www.geonames.org/2800438,5.6341,50.5828
598,https://www.geonames.org/2748179,5.91545,51.97198
